               epoch,      train/box_loss,      train/obj_loss,      train/cls_loss,   metrics/precision,      metrics/recall,     metrics/mAP_0.5,metrics/mAP_0.5:0.95,        val/box_loss,        val/obj_loss,        val/cls_loss,               x/lr0,               x/lr1,               x/lr2
                   0,            0.066456,            0.019243,                   0,             0.64833,              0.8174,             0.67586,             0.25599,            0.039052,           0.0082309,                   0,           0.0032768,           0.0032768,            0.070508
                   1,            0.041433,            0.011985,                   0,             0.99829,             0.99715,               0.995,             0.50468,            0.025199,           0.0039804,                   0,           0.0065884,           0.0065884,            0.040487
                   2,            0.033969,           0.0088515,                   0,             0.99816,                   1,             0.99499,             0.68196,            0.016808,           0.0041095,                   0,           0.0098779,           0.0098779,            0.010443
                   3,            0.028223,           0.0075861,                   0,             0.99982,                   1,               0.995,             0.73088,            0.016537,           0.0033774,                   0,            0.009901,            0.009901,            0.009901
                   4,            0.024254,           0.0069205,                   0,             0.99872,                   1,               0.995,               0.747,            0.012961,           0.0038057,                   0,            0.009901,            0.009901,            0.009901
                   5,            0.021863,           0.0065314,                   0,              0.9998,                   1,               0.995,             0.78615,            0.012554,           0.0026461,                   0,            0.009868,            0.009868,            0.009868
                   6,            0.020437,           0.0061687,                   0,             0.99983,                   1,               0.995,             0.88648,           0.0079748,           0.0023323,                   0,            0.009835,            0.009835,            0.009835
                   7,            0.019603,           0.0059811,                   0,              0.9999,                   1,               0.995,             0.83637,            0.011282,           0.0024887,                   0,            0.009802,            0.009802,            0.009802
                   8,             0.01882,           0.0058867,                   0,             0.99981,                   1,               0.995,             0.88319,           0.0077267,           0.0023087,                   0,            0.009769,            0.009769,            0.009769
                   9,            0.018364,           0.0056965,                   0,             0.99852,                   1,               0.995,             0.84032,            0.010548,           0.0024031,                   0,            0.009736,            0.009736,            0.009736
                  10,            0.017304,           0.0056111,                   0,             0.99991,                   1,               0.995,             0.90828,           0.0076457,           0.0021368,                   0,            0.009703,            0.009703,            0.009703
                  11,            0.016714,            0.005482,                   0,             0.99847,                   1,               0.995,             0.87742,           0.0083789,           0.0022117,                   0,             0.00967,             0.00967,             0.00967
                  12,            0.016922,            0.005397,                   0,             0.99991,                   1,               0.995,             0.89212,           0.0081605,           0.0021566,                   0,            0.009637,            0.009637,            0.009637
                  13,             0.01651,           0.0054351,                   0,             0.99973,                   1,               0.995,             0.86919,           0.0083698,           0.0021368,                   0,            0.009604,            0.009604,            0.009604
                  14,            0.016219,           0.0053359,                   0,              0.9999,                   1,               0.995,             0.89246,           0.0080807,           0.0021293,                   0,            0.009571,            0.009571,            0.009571
                  15,            0.015851,           0.0052514,                   0,              0.9999,                   1,               0.995,             0.90042,           0.0076863,           0.0020887,                   0,            0.009538,            0.009538,            0.009538
                  16,            0.015731,           0.0051566,                   0,             0.99991,                   1,               0.995,             0.90301,           0.0072841,           0.0020362,                   0,            0.009505,            0.009505,            0.009505
                  17,            0.015248,           0.0050841,                   0,              0.9999,                   1,               0.995,             0.91216,           0.0068439,           0.0020287,                   0,            0.009472,            0.009472,            0.009472
                  18,            0.014712,           0.0050973,                   0,             0.99988,                   1,               0.995,              0.8986,           0.0074977,           0.0020588,                   0,            0.009439,            0.009439,            0.009439
                  19,            0.015084,           0.0050283,                   0,              0.9999,                   1,               0.995,              0.8463,           0.0093673,           0.0022126,                   0,            0.009406,            0.009406,            0.009406
                  20,            0.014997,           0.0049776,                   0,              0.9999,                   1,               0.995,             0.91103,           0.0068037,           0.0019371,                   0,            0.009373,            0.009373,            0.009373
                  21,            0.014336,           0.0049243,                   0,             0.99991,                   1,               0.995,             0.89446,           0.0078606,            0.002065,                   0,             0.00934,             0.00934,             0.00934
                  22,            0.014472,           0.0049175,                   0,             0.99991,                   1,               0.995,             0.91773,           0.0072105,           0.0019328,                   0,            0.009307,            0.009307,            0.009307
                  23,            0.014218,           0.0048888,                   0,             0.99991,                   1,               0.995,             0.91821,           0.0067006,           0.0019723,                   0,            0.009274,            0.009274,            0.009274
                  24,            0.014428,            0.004969,                   0,             0.99991,                   1,               0.995,             0.86543,           0.0096534,           0.0020964,                   0,            0.009241,            0.009241,            0.009241
                  25,            0.013852,           0.0048656,                   0,             0.99992,                   1,               0.995,              0.9041,           0.0074874,           0.0019937,                   0,            0.009208,            0.009208,            0.009208
                  26,            0.014239,           0.0049129,                   0,             0.99988,                   1,               0.995,             0.86583,           0.0087546,           0.0021356,                   0,            0.009175,            0.009175,            0.009175
                  27,            0.013704,           0.0047827,                   0,             0.99992,                   1,               0.995,             0.91047,            0.007388,           0.0020757,                   0,            0.009142,            0.009142,            0.009142
                  28,            0.013795,           0.0047794,                   0,             0.99991,                   1,               0.995,             0.91029,            0.007158,           0.0020301,                   0,            0.009109,            0.009109,            0.009109
                  29,            0.013681,           0.0046985,                   0,             0.99985,                   1,               0.995,             0.92133,           0.0063806,           0.0019483,                   0,            0.009076,            0.009076,            0.009076
                  30,            0.013882,           0.0047643,                   0,             0.99992,                   1,               0.995,             0.91169,           0.0069917,           0.0019651,                   0,            0.009043,            0.009043,            0.009043
                  31,             0.01355,            0.004795,                   0,             0.99991,                   1,               0.995,             0.91794,            0.006713,           0.0019339,                   0,             0.00901,             0.00901,             0.00901
                  32,            0.013305,           0.0046932,                   0,             0.99991,                   1,               0.995,             0.91708,           0.0063644,           0.0018761,                   0,            0.008977,            0.008977,            0.008977
                  33,            0.013325,           0.0046214,                   0,             0.99991,                   1,               0.995,             0.91575,           0.0066227,            0.001874,                   0,            0.008944,            0.008944,            0.008944
                  34,            0.013025,            0.004581,                   0,              0.9999,                   1,               0.995,             0.90664,            0.007118,           0.0019506,                   0,            0.008911,            0.008911,            0.008911
                  35,            0.013363,           0.0046597,                   0,             0.99991,                   1,               0.995,             0.92236,           0.0067314,           0.0019098,                   0,            0.008878,            0.008878,            0.008878
                  36,            0.012876,           0.0045959,                   0,             0.99992,                   1,               0.995,             0.92357,           0.0066933,           0.0020302,                   0,            0.008845,            0.008845,            0.008845
                  37,            0.013112,           0.0046583,                   0,             0.99991,                   1,               0.995,             0.92296,           0.0062589,           0.0019448,                   0,            0.008812,            0.008812,            0.008812
                  38,            0.013004,           0.0045252,                   0,              0.9999,                   1,               0.995,              0.9249,           0.0065188,           0.0019958,                   0,            0.008779,            0.008779,            0.008779
                  39,            0.012772,           0.0045864,                   0,             0.99991,                   1,               0.995,             0.91446,           0.0069569,           0.0018978,                   0,            0.008746,            0.008746,            0.008746
                  40,            0.012697,           0.0044941,                   0,             0.99988,                   1,               0.995,             0.92055,           0.0064131,           0.0018936,                   0,            0.008713,            0.008713,            0.008713
                  41,            0.012862,           0.0045847,                   0,             0.99991,                   1,               0.995,             0.93062,           0.0065199,           0.0018538,                   0,             0.00868,             0.00868,             0.00868
                  42,            0.012596,           0.0044387,                   0,             0.99971,                   1,               0.995,             0.91056,           0.0069433,           0.0019992,                   0,            0.008647,            0.008647,            0.008647
                  43,            0.012966,           0.0045956,                   0,             0.99991,                   1,               0.995,             0.92032,           0.0065461,           0.0018594,                   0,            0.008614,            0.008614,            0.008614
                  44,            0.012812,           0.0045432,                   0,              0.9999,                   1,               0.995,             0.91785,           0.0068385,           0.0018701,                   0,            0.008581,            0.008581,            0.008581
                  45,            0.012477,           0.0044271,                   0,             0.99991,                   1,               0.995,             0.91981,           0.0066357,           0.0019353,                   0,            0.008548,            0.008548,            0.008548
                  46,            0.012495,           0.0044583,                   0,              0.9999,                   1,               0.995,             0.92446,           0.0067247,           0.0018768,                   0,            0.008515,            0.008515,            0.008515
                  47,            0.012556,           0.0044579,                   0,             0.99991,                   1,               0.995,             0.90994,           0.0069751,           0.0020595,                   0,            0.008482,            0.008482,            0.008482
                  48,            0.012485,           0.0044434,                   0,             0.99992,                   1,               0.995,             0.92299,           0.0068142,           0.0018724,                   0,            0.008449,            0.008449,            0.008449
                  49,            0.012188,           0.0044492,                   0,             0.99991,                   1,               0.995,             0.93007,           0.0062107,           0.0018776,                   0,            0.008416,            0.008416,            0.008416
                  50,            0.012387,           0.0044709,                   0,             0.99991,                   1,               0.995,             0.92928,           0.0062949,           0.0018468,                   0,            0.008383,            0.008383,            0.008383
                  51,            0.012169,           0.0043066,                   0,             0.99992,                   1,               0.995,             0.90892,           0.0071061,           0.0019401,                   0,             0.00835,             0.00835,             0.00835
                  52,            0.012186,           0.0044156,                   0,             0.99991,                   1,               0.995,             0.91775,            0.006682,            0.001903,                   0,            0.008317,            0.008317,            0.008317
                  53,            0.012327,           0.0044274,                   0,             0.99991,                   1,               0.995,             0.92143,           0.0062431,           0.0018793,                   0,            0.008284,            0.008284,            0.008284
                  54,            0.012137,           0.0043514,                   0,             0.99991,                   1,               0.995,             0.92237,           0.0067018,           0.0018549,                   0,            0.008251,            0.008251,            0.008251
                  55,            0.012054,           0.0043635,                   0,             0.99991,                   1,               0.995,             0.92245,           0.0068285,           0.0019387,                   0,            0.008218,            0.008218,            0.008218
                  56,            0.011784,           0.0043578,                   0,             0.99991,                   1,               0.995,             0.91466,           0.0067188,           0.0018616,                   0,            0.008185,            0.008185,            0.008185
                  57,            0.011949,           0.0043768,                   0,             0.99992,                   1,               0.995,             0.90477,            0.007331,           0.0019115,                   0,            0.008152,            0.008152,            0.008152
                  58,            0.011781,           0.0043723,                   0,             0.99991,                   1,               0.995,             0.93141,           0.0063261,           0.0018444,                   0,            0.008119,            0.008119,            0.008119
                  59,            0.012044,           0.0043003,                   0,             0.99992,                   1,               0.995,             0.92389,           0.0064655,            0.001801,                   0,            0.008086,            0.008086,            0.008086
                  60,            0.011902,           0.0043475,                   0,             0.99992,                   1,               0.995,             0.93229,           0.0063256,           0.0018489,                   0,            0.008053,            0.008053,            0.008053
                  61,            0.012075,           0.0043616,                   0,              0.9999,                   1,               0.995,             0.92148,           0.0063622,           0.0018382,                   0,             0.00802,             0.00802,             0.00802
                  62,            0.011628,           0.0042648,                   0,             0.99991,                   1,               0.995,             0.91398,           0.0068656,           0.0018895,                   0,            0.007987,            0.007987,            0.007987
                  63,            0.011698,           0.0043181,                   0,             0.99991,                   1,               0.995,             0.92505,           0.0066768,           0.0019478,                   0,            0.007954,            0.007954,            0.007954
                  64,            0.011621,           0.0043296,                   0,             0.99989,                   1,               0.995,             0.92844,           0.0065168,            0.001812,                   0,            0.007921,            0.007921,            0.007921
                  65,            0.011815,           0.0041921,                   0,             0.99991,                   1,               0.995,             0.92365,           0.0064085,           0.0018559,                   0,            0.007888,            0.007888,            0.007888
                  66,            0.011671,           0.0042825,                   0,             0.99991,                   1,               0.995,              0.9226,           0.0066696,           0.0018509,                   0,            0.007855,            0.007855,            0.007855
                  67,             0.01158,           0.0042773,                   0,             0.99991,                   1,               0.995,              0.9279,           0.0064535,           0.0019155,                   0,            0.007822,            0.007822,            0.007822
                  68,            0.011406,           0.0042122,                   0,             0.99992,                   1,               0.995,             0.92336,           0.0065223,           0.0018268,                   0,            0.007789,            0.007789,            0.007789
                  69,            0.011633,           0.0042847,                   0,             0.99991,                   1,               0.995,             0.93021,           0.0061823,           0.0017867,                   0,            0.007756,            0.007756,            0.007756
                  70,            0.011414,           0.0041931,                   0,             0.99991,                   1,               0.995,             0.92689,           0.0064459,           0.0018158,                   0,            0.007723,            0.007723,            0.007723
                  71,            0.011452,           0.0041594,                   0,             0.99991,                   1,               0.995,             0.93708,           0.0061175,           0.0017917,                   0,             0.00769,             0.00769,             0.00769
                  72,            0.011531,            0.004233,                   0,             0.99991,                   1,               0.995,             0.92752,           0.0067034,           0.0018602,                   0,            0.007657,            0.007657,            0.007657
                  73,            0.011338,           0.0041682,                   0,             0.99991,                   1,               0.995,             0.92528,           0.0064717,           0.0018467,                   0,            0.007624,            0.007624,            0.007624
                  74,            0.011374,           0.0041947,                   0,             0.99991,                   1,               0.995,             0.92908,           0.0063026,           0.0018777,                   0,            0.007591,            0.007591,            0.007591
                  75,            0.011453,            0.004248,                   0,             0.99991,                   1,               0.995,             0.92728,           0.0064458,           0.0018952,                   0,            0.007558,            0.007558,            0.007558
                  76,             0.01139,           0.0041553,                   0,             0.99991,                   1,               0.995,             0.92943,           0.0063857,           0.0018166,                   0,            0.007525,            0.007525,            0.007525
                  77,            0.011498,            0.004235,                   0,             0.99991,                   1,               0.995,             0.91816,            0.006822,           0.0018613,                   0,            0.007492,            0.007492,            0.007492
                  78,             0.01125,           0.0041757,                   0,             0.99991,                   1,               0.995,             0.92877,            0.006173,           0.0018139,                   0,            0.007459,            0.007459,            0.007459
                  79,            0.011335,           0.0041019,                   0,             0.99991,                   1,               0.995,             0.92344,           0.0063656,           0.0018641,                   0,            0.007426,            0.007426,            0.007426
                  80,            0.011245,           0.0041806,                   0,             0.99991,                   1,               0.995,             0.92628,           0.0066804,           0.0019363,                   0,            0.007393,            0.007393,            0.007393
                  81,            0.011145,           0.0041444,                   0,             0.99992,                   1,               0.995,             0.93307,           0.0062419,           0.0018134,                   0,             0.00736,             0.00736,             0.00736
                  82,            0.010984,           0.0040383,                   0,             0.99991,                   1,               0.995,              0.9257,           0.0063361,           0.0017917,                   0,            0.007327,            0.007327,            0.007327
                  83,            0.011095,           0.0040386,                   0,             0.99991,                   1,               0.995,             0.92343,           0.0065711,           0.0018676,                   0,            0.007294,            0.007294,            0.007294
                  84,            0.011211,           0.0041847,                   0,             0.99992,                   1,               0.995,             0.93206,           0.0060915,           0.0018081,                   0,            0.007261,            0.007261,            0.007261
                  85,            0.011032,            0.004192,                   0,             0.99991,                   1,               0.995,             0.93563,           0.0060689,           0.0017741,                   0,            0.007228,            0.007228,            0.007228
                  86,            0.011099,           0.0040606,                   0,             0.99987,                   1,               0.995,              0.9272,           0.0060766,           0.0017642,                   0,            0.007195,            0.007195,            0.007195
                  87,            0.010968,            0.004085,                   0,             0.99991,                   1,               0.995,             0.92173,           0.0062005,           0.0018175,                   0,            0.007162,            0.007162,            0.007162
                  88,            0.011038,           0.0041734,                   0,             0.99992,                   1,               0.995,             0.92917,           0.0062118,           0.0018195,                   0,            0.007129,            0.007129,            0.007129
                  89,            0.010985,           0.0041125,                   0,             0.99992,                   1,               0.995,             0.93371,           0.0059427,           0.0017782,                   0,            0.007096,            0.007096,            0.007096
                  90,             0.01099,           0.0041119,                   0,             0.99991,                   1,               0.995,             0.92232,           0.0063459,           0.0017876,                   0,            0.007063,            0.007063,            0.007063
                  91,            0.010937,            0.004093,                   0,             0.99992,                   1,               0.995,             0.93767,           0.0063237,           0.0017685,                   0,             0.00703,             0.00703,             0.00703
                  92,            0.011061,           0.0040613,                   0,             0.99991,                   1,               0.995,             0.93476,            0.006178,           0.0018023,                   0,            0.006997,            0.006997,            0.006997
                  93,            0.010908,           0.0040043,                   0,             0.99991,                   1,               0.995,              0.9241,            0.006188,           0.0017651,                   0,            0.006964,            0.006964,            0.006964
                  94,             0.01072,           0.0040755,                   0,             0.99992,                   1,               0.995,             0.92744,            0.006188,           0.0017582,                   0,            0.006931,            0.006931,            0.006931
                  95,             0.01058,           0.0039872,                   0,             0.99992,                   1,               0.995,              0.9328,           0.0061052,           0.0017703,                   0,            0.006898,            0.006898,            0.006898
                  96,            0.010659,           0.0040667,                   0,             0.99992,                   1,               0.995,             0.93335,           0.0062854,           0.0018014,                   0,            0.006865,            0.006865,            0.006865
                  97,              0.0106,           0.0040662,                   0,             0.99991,                   1,               0.995,             0.92974,           0.0061893,           0.0018173,                   0,            0.006832,            0.006832,            0.006832
                  98,            0.010694,           0.0039835,                   0,             0.99992,                   1,               0.995,             0.93366,           0.0060346,           0.0017775,                   0,            0.006799,            0.006799,            0.006799
                  99,            0.010494,           0.0039815,                   0,             0.99992,                   1,               0.995,             0.92566,           0.0065548,           0.0018319,                   0,            0.006766,            0.006766,            0.006766
                 100,            0.010687,           0.0040167,                   0,             0.99992,                   1,               0.995,             0.92587,           0.0064143,           0.0018195,                   0,            0.006733,            0.006733,            0.006733
                 101,            0.010734,           0.0040597,                   0,             0.99992,                   1,               0.995,             0.93797,            0.006043,           0.0018003,                   0,              0.0067,              0.0067,              0.0067
                 102,             0.01077,           0.0040445,                   0,             0.99991,                   1,               0.995,             0.93726,           0.0060305,           0.0017569,                   0,            0.006667,            0.006667,            0.006667
                 103,            0.010826,           0.0040133,                   0,             0.99992,                   1,               0.995,              0.9296,           0.0061052,           0.0017773,                   0,            0.006634,            0.006634,            0.006634
                 104,             0.01053,           0.0039588,                   0,             0.99992,                   1,               0.995,             0.92804,           0.0062457,           0.0017762,                   0,            0.006601,            0.006601,            0.006601
                 105,             0.01066,           0.0039996,                   0,             0.99992,                   1,               0.995,             0.93101,           0.0060719,           0.0018033,                   0,            0.006568,            0.006568,            0.006568
                 106,             0.01038,           0.0039629,                   0,             0.99991,                   1,               0.995,             0.93673,           0.0060001,           0.0017883,                   0,            0.006535,            0.006535,            0.006535
                 107,            0.010457,           0.0039408,                   0,             0.99991,                   1,               0.995,             0.93172,           0.0059249,           0.0017808,                   0,            0.006502,            0.006502,            0.006502
                 108,            0.010509,            0.003945,                   0,             0.99992,                   1,               0.995,             0.93088,           0.0061152,           0.0017578,                   0,            0.006469,            0.006469,            0.006469
                 109,            0.010543,           0.0039633,                   0,             0.99992,                   1,               0.995,              0.9315,            0.006025,           0.0017857,                   0,            0.006436,            0.006436,            0.006436
                 110,            0.010289,           0.0039795,                   0,             0.99991,                   1,               0.995,             0.93384,            0.005984,           0.0018199,                   0,            0.006403,            0.006403,            0.006403
                 111,            0.010405,           0.0039416,                   0,             0.99992,                   1,               0.995,             0.93609,           0.0059141,           0.0017662,                   0,             0.00637,             0.00637,             0.00637
                 112,            0.010453,           0.0039211,                   0,              0.9999,                   1,               0.995,             0.93452,            0.005875,            0.001751,                   0,            0.006337,            0.006337,            0.006337
                 113,            0.010402,           0.0039397,                   0,             0.99984,                   1,               0.995,             0.93171,           0.0060424,           0.0017376,                   0,            0.006304,            0.006304,            0.006304
                 114,            0.010418,            0.003932,                   0,             0.99991,                   1,               0.995,             0.93301,           0.0059825,           0.0017637,                   0,            0.006271,            0.006271,            0.006271
                 115,            0.010325,            0.003911,                   0,             0.99992,                   1,               0.995,             0.92684,           0.0063498,           0.0017832,                   0,            0.006238,            0.006238,            0.006238
                 116,            0.010342,           0.0039152,                   0,             0.99992,                   1,               0.995,             0.92671,           0.0062754,           0.0018144,                   0,            0.006205,            0.006205,            0.006205
                 117,             0.01037,           0.0039122,                   0,             0.99991,                   1,               0.995,             0.93945,            0.005879,            0.001754,                   0,            0.006172,            0.006172,            0.006172
                 118,             0.01033,            0.003983,                   0,             0.99991,                   1,               0.995,             0.93175,           0.0059931,           0.0017811,                   0,            0.006139,            0.006139,            0.006139
                 119,            0.010315,            0.003893,                   0,             0.99992,                   1,               0.995,             0.93417,           0.0059181,           0.0017732,                   0,            0.006106,            0.006106,            0.006106
                 120,            0.010142,           0.0039508,                   0,             0.99991,                   1,               0.995,             0.92994,           0.0062548,           0.0017617,                   0,            0.006073,            0.006073,            0.006073
                 121,             0.01024,           0.0038592,                   0,              0.9999,                   1,               0.995,             0.93528,           0.0058871,           0.0018066,                   0,             0.00604,             0.00604,             0.00604
                 122,            0.010147,            0.003901,                   0,             0.99989,                   1,               0.995,             0.93411,           0.0060123,            0.001804,                   0,            0.006007,            0.006007,            0.006007
                 123,            0.010052,            0.003879,                   0,             0.99992,                   1,               0.995,             0.93869,           0.0059201,           0.0017647,                   0,            0.005974,            0.005974,            0.005974
                 124,            0.009975,           0.0039087,                   0,             0.99992,                   1,               0.995,             0.93566,           0.0058834,            0.001784,                   0,            0.005941,            0.005941,            0.005941
                 125,            0.010299,           0.0039703,                   0,             0.99992,                   1,               0.995,             0.93675,           0.0058354,           0.0017647,                   0,            0.005908,            0.005908,            0.005908
                 126,            0.010092,           0.0039022,                   0,             0.99991,                   1,               0.995,              0.9367,           0.0058027,           0.0017466,                   0,            0.005875,            0.005875,            0.005875
                 127,            0.010097,           0.0038564,                   0,             0.99992,                   1,               0.995,             0.94097,           0.0057992,           0.0017593,                   0,            0.005842,            0.005842,            0.005842
                 128,            0.010122,           0.0038575,                   0,             0.99991,                   1,               0.995,             0.92907,           0.0061575,           0.0017991,                   0,            0.005809,            0.005809,            0.005809
                 129,            0.010054,           0.0038412,                   0,             0.99992,                   1,               0.995,             0.93678,           0.0058127,           0.0017869,                   0,            0.005776,            0.005776,            0.005776
                 130,            0.010011,           0.0038394,                   0,             0.99992,                   1,               0.995,             0.93737,           0.0058315,            0.001752,                   0,            0.005743,            0.005743,            0.005743
                 131,            0.010091,           0.0038723,                   0,             0.99992,                   1,               0.995,             0.93393,           0.0059857,           0.0017524,                   0,             0.00571,             0.00571,             0.00571
                 132,           0.0098743,           0.0038448,                   0,             0.99991,                   1,               0.995,             0.93713,            0.005908,           0.0017613,                   0,            0.005677,            0.005677,            0.005677
                 133,           0.0099651,           0.0038748,                   0,             0.99992,                   1,               0.995,             0.93793,           0.0060249,           0.0017638,                   0,            0.005644,            0.005644,            0.005644
                 134,             0.01003,           0.0037789,                   0,             0.99992,                   1,               0.995,             0.93866,           0.0058638,           0.0017576,                   0,            0.005611,            0.005611,            0.005611
                 135,           0.0098078,           0.0037541,                   0,             0.99992,                   1,               0.995,             0.93952,           0.0057986,           0.0017211,                   0,            0.005578,            0.005578,            0.005578
                 136,            0.010049,           0.0038492,                   0,             0.99992,                   1,               0.995,              0.9414,           0.0057819,           0.0017318,                   0,            0.005545,            0.005545,            0.005545
                 137,           0.0098398,           0.0037575,                   0,             0.99991,                   1,               0.995,             0.93905,           0.0058271,           0.0017309,                   0,            0.005512,            0.005512,            0.005512
                 138,           0.0098342,           0.0037919,                   0,             0.99992,                   1,               0.995,             0.93136,            0.006169,           0.0017863,                   0,            0.005479,            0.005479,            0.005479
                 139,           0.0099427,           0.0038104,                   0,             0.99992,                   1,               0.995,              0.9361,           0.0060919,           0.0017579,                   0,            0.005446,            0.005446,            0.005446
                 140,           0.0099287,           0.0038384,                   0,             0.99992,                   1,               0.995,             0.93424,           0.0060446,           0.0017598,                   0,            0.005413,            0.005413,            0.005413
                 141,           0.0097011,           0.0037568,                   0,             0.99992,                   1,               0.995,             0.93993,           0.0059372,           0.0017466,                   0,             0.00538,             0.00538,             0.00538
                 142,            0.009717,           0.0037511,                   0,             0.99992,                   1,               0.995,             0.94087,           0.0059116,           0.0017474,                   0,            0.005347,            0.005347,            0.005347
                 143,           0.0096565,           0.0037725,                   0,             0.99992,                   1,               0.995,             0.94048,           0.0058817,           0.0017362,                   0,            0.005314,            0.005314,            0.005314
                 144,           0.0098608,           0.0037401,                   0,             0.99991,                   1,               0.995,             0.93907,           0.0059189,            0.001745,                   0,            0.005281,            0.005281,            0.005281
                 145,            0.009812,           0.0038146,                   0,             0.99991,                   1,               0.995,             0.93681,            0.005867,           0.0017423,                   0,            0.005248,            0.005248,            0.005248
                 146,           0.0096307,           0.0037053,                   0,             0.99991,                   1,               0.995,             0.93562,           0.0059209,           0.0017441,                   0,            0.005215,            0.005215,            0.005215
                 147,           0.0096689,           0.0037608,                   0,              0.9999,                   1,               0.995,             0.93635,           0.0058912,            0.001755,                   0,            0.005182,            0.005182,            0.005182
                 148,           0.0095992,           0.0037848,                   0,             0.99987,                   1,               0.995,             0.93904,            0.005921,            0.001773,                   0,            0.005149,            0.005149,            0.005149
                 149,           0.0097108,           0.0037765,                   0,              0.9999,                   1,               0.995,             0.93957,           0.0059257,           0.0017651,                   0,            0.005116,            0.005116,            0.005116
                 150,            0.009543,           0.0037587,                   0,             0.99991,                   1,               0.995,             0.94096,           0.0059126,           0.0017818,                   0,            0.005083,            0.005083,            0.005083
                 151,           0.0096845,           0.0037275,                   0,             0.99992,                   1,               0.995,             0.94198,           0.0059641,           0.0017688,                   0,             0.00505,             0.00505,             0.00505
                 152,           0.0095516,           0.0037809,                   0,             0.99991,                   1,               0.995,             0.93975,           0.0059814,            0.001749,                   0,            0.005017,            0.005017,            0.005017
                 153,           0.0096525,           0.0037723,                   0,             0.99991,                   1,               0.995,             0.93862,           0.0059045,           0.0017522,                   0,            0.004984,            0.004984,            0.004984
                 154,            0.009631,           0.0037489,                   0,             0.99992,                   1,               0.995,             0.93677,           0.0059447,            0.001777,                   0,            0.004951,            0.004951,            0.004951
                 155,           0.0094259,           0.0036194,                   0,             0.99991,                   1,               0.995,             0.93693,           0.0059225,           0.0017591,                   0,            0.004918,            0.004918,            0.004918
                 156,             0.00926,           0.0037019,                   0,             0.99991,                   1,               0.995,             0.93701,            0.005933,           0.0017479,                   0,            0.004885,            0.004885,            0.004885
                 157,           0.0093974,           0.0036877,                   0,              0.9999,                   1,               0.995,             0.93745,           0.0059136,           0.0017437,                   0,            0.004852,            0.004852,            0.004852
                 158,           0.0095259,           0.0037182,                   0,             0.99989,                   1,               0.995,             0.93911,           0.0058488,           0.0017544,                   0,            0.004819,            0.004819,            0.004819
                 159,           0.0093294,           0.0036238,                   0,              0.9999,                   1,               0.995,             0.93608,           0.0060303,           0.0017885,                   0,            0.004786,            0.004786,            0.004786
                 160,           0.0095382,           0.0036894,                   0,             0.99991,                   1,               0.995,             0.93537,           0.0059024,           0.0017711,                   0,            0.004753,            0.004753,            0.004753
                 161,           0.0093691,           0.0036725,                   0,             0.99991,                   1,               0.995,             0.93645,            0.005887,           0.0017831,                   0,             0.00472,             0.00472,             0.00472
                 162,           0.0092947,           0.0036424,                   0,             0.99992,                   1,               0.995,             0.93669,           0.0058537,           0.0017813,                   0,            0.004687,            0.004687,            0.004687
                 163,           0.0093165,           0.0036783,                   0,             0.99992,                   1,               0.995,             0.93549,            0.005797,           0.0017525,                   0,            0.004654,            0.004654,            0.004654
                 164,           0.0092121,           0.0035889,                   0,             0.99992,                   1,               0.995,             0.93757,            0.005848,           0.0017473,                   0,            0.004621,            0.004621,            0.004621
                 165,           0.0093871,           0.0036024,                   0,             0.99992,                   1,               0.995,             0.93709,           0.0058487,           0.0017567,                   0,            0.004588,            0.004588,            0.004588
                 166,           0.0093793,           0.0036352,                   0,             0.99992,                   1,               0.995,             0.93621,           0.0058427,           0.0017513,                   0,            0.004555,            0.004555,            0.004555
                 167,           0.0093019,           0.0036621,                   0,             0.99991,                   1,               0.995,             0.93585,           0.0058218,           0.0017571,                   0,            0.004522,            0.004522,            0.004522
                 168,           0.0091042,           0.0036264,                   0,             0.99991,                   1,               0.995,              0.9371,            0.005788,           0.0017493,                   0,            0.004489,            0.004489,            0.004489
                 169,           0.0091992,           0.0036151,                   0,             0.99992,                   1,               0.995,             0.93771,           0.0058322,            0.001748,                   0,            0.004456,            0.004456,            0.004456
                 170,           0.0093229,           0.0036769,                   0,             0.99991,                   1,               0.995,             0.93891,           0.0058739,           0.0017562,                   0,            0.004423,            0.004423,            0.004423
                 171,           0.0090522,           0.0036341,                   0,             0.99992,                   1,               0.995,             0.93775,           0.0058914,           0.0017597,                   0,             0.00439,             0.00439,             0.00439
                 172,           0.0090555,           0.0036651,                   0,             0.99992,                   1,               0.995,             0.94085,             0.00586,           0.0017383,                   0,            0.004357,            0.004357,            0.004357
                 173,           0.0091253,           0.0035846,                   0,             0.99992,                   1,               0.995,              0.9416,           0.0058935,           0.0017402,                   0,            0.004324,            0.004324,            0.004324
                 174,           0.0093213,           0.0036347,                   0,             0.99992,                   1,               0.995,             0.93936,           0.0059192,           0.0017465,                   0,            0.004291,            0.004291,            0.004291
                 175,           0.0091304,           0.0036485,                   0,             0.99992,                   1,               0.995,             0.94066,           0.0059559,            0.001754,                   0,            0.004258,            0.004258,            0.004258
                 176,           0.0091319,           0.0035826,                   0,             0.99992,                   1,               0.995,             0.94175,           0.0060048,           0.0017688,                   0,            0.004225,            0.004225,            0.004225
                 177,           0.0092164,            0.003645,                   0,             0.99992,                   1,               0.995,              0.9413,           0.0059902,           0.0017584,                   0,            0.004192,            0.004192,            0.004192
                 178,            0.009137,           0.0035858,                   0,             0.99992,                   1,               0.995,             0.93949,           0.0059809,           0.0017578,                   0,            0.004159,            0.004159,            0.004159
                 179,           0.0090514,           0.0035446,                   0,             0.99992,                   1,               0.995,             0.93997,           0.0059908,           0.0017531,                   0,            0.004126,            0.004126,            0.004126
                 180,            0.009091,           0.0035672,                   0,             0.99992,                   1,               0.995,             0.94058,           0.0059297,           0.0017451,                   0,            0.004093,            0.004093,            0.004093
                 181,           0.0091134,           0.0035377,                   0,             0.99992,                   1,               0.995,              0.9406,           0.0059186,           0.0017479,                   0,             0.00406,             0.00406,             0.00406
                 182,           0.0087904,           0.0035066,                   0,             0.99992,                   1,               0.995,             0.94045,           0.0059621,           0.0017624,                   0,            0.004027,            0.004027,            0.004027
                 183,           0.0089946,           0.0035928,                   0,             0.99991,                   1,               0.995,             0.93944,           0.0059689,           0.0017708,                   0,            0.003994,            0.003994,            0.003994
                 184,            0.008922,           0.0035289,                   0,             0.99992,                   1,               0.995,             0.93984,            0.005972,           0.0017714,                   0,            0.003961,            0.003961,            0.003961
                 185,           0.0088617,           0.0035102,                   0,             0.99991,                   1,               0.995,             0.94099,           0.0059538,           0.0017617,                   0,            0.003928,            0.003928,            0.003928
                 186,           0.0088712,           0.0035282,                   0,             0.99992,                   1,               0.995,             0.94199,            0.005933,           0.0017565,                   0,            0.003895,            0.003895,            0.003895
                 187,           0.0088715,           0.0035442,                   0,             0.99992,                   1,               0.995,             0.94079,           0.0059397,           0.0017552,                   0,            0.003862,            0.003862,            0.003862
                 188,           0.0086698,           0.0035089,                   0,             0.99992,                   1,               0.995,             0.94166,           0.0059605,           0.0017564,                   0,            0.003829,            0.003829,            0.003829
                 189,           0.0088717,           0.0034952,                   0,             0.99992,                   1,               0.995,             0.93984,           0.0060134,            0.001761,                   0,            0.003796,            0.003796,            0.003796
                 190,           0.0087607,           0.0035731,                   0,             0.99992,                   1,               0.995,                0.94,           0.0060086,           0.0017678,                   0,            0.003763,            0.003763,            0.003763
                 191,           0.0087804,           0.0035266,                   0,             0.99992,                   1,               0.995,             0.93845,           0.0060298,           0.0017729,                   0,             0.00373,             0.00373,             0.00373
                 192,           0.0086594,            0.003505,                   0,             0.99992,                   1,               0.995,             0.93948,           0.0060628,           0.0017798,                   0,            0.003697,            0.003697,            0.003697
                 193,           0.0087101,           0.0034869,                   0,             0.99992,                   1,               0.995,             0.94076,           0.0060345,            0.001777,                   0,            0.003664,            0.003664,            0.003664
                 194,           0.0086614,           0.0034841,                   0,             0.99992,                   1,               0.995,             0.93996,           0.0060202,           0.0017789,                   0,            0.003631,            0.003631,            0.003631
                 195,           0.0086775,           0.0035044,                   0,             0.99992,                   1,               0.995,             0.94009,           0.0060262,           0.0017833,                   0,            0.003598,            0.003598,            0.003598
                 196,           0.0086454,           0.0035203,                   0,             0.99992,                   1,               0.995,             0.94008,           0.0060003,            0.001777,                   0,            0.003565,            0.003565,            0.003565
                 197,           0.0086463,            0.003459,                   0,             0.99992,                   1,               0.995,              0.9402,           0.0059888,            0.001776,                   0,            0.003532,            0.003532,            0.003532
                 198,           0.0087065,           0.0035176,                   0,             0.99992,                   1,               0.995,             0.93998,           0.0059995,           0.0017726,                   0,            0.003499,            0.003499,            0.003499
                 199,           0.0084852,           0.0034434,                   0,             0.99992,                   1,               0.995,             0.94169,            0.005995,           0.0017766,                   0,            0.003466,            0.003466,            0.003466
                 200,           0.0085495,           0.0034472,                   0,             0.99992,                   1,               0.995,             0.94026,           0.0059926,           0.0017767,                   0,            0.003433,            0.003433,            0.003433
                 201,           0.0086103,           0.0034284,                   0,             0.99991,                   1,               0.995,             0.94035,           0.0060013,            0.001776,                   0,              0.0034,              0.0034,              0.0034
                 202,           0.0085758,             0.00343,                   0,             0.99991,                   1,               0.995,             0.93818,           0.0060104,            0.001775,                   0,            0.003367,            0.003367,            0.003367
                 203,           0.0085702,           0.0034647,                   0,             0.99991,                   1,               0.995,             0.93779,            0.006034,           0.0017774,                   0,            0.003334,            0.003334,            0.003334
                 204,           0.0085483,           0.0034057,                   0,             0.99991,                   1,               0.995,             0.93749,           0.0060438,           0.0017772,                   0,            0.003301,            0.003301,            0.003301
                 205,           0.0085929,           0.0034515,                   0,             0.99991,                   1,               0.995,             0.93732,           0.0060643,           0.0017775,                   0,            0.003268,            0.003268,            0.003268
                 206,           0.0084512,            0.003439,                   0,             0.99991,                   1,               0.995,             0.93654,           0.0060542,           0.0017768,                   0,            0.003235,            0.003235,            0.003235
                 207,           0.0085025,           0.0033426,                   0,             0.99991,                   1,               0.995,             0.93776,           0.0060491,           0.0017733,                   0,            0.003202,            0.003202,            0.003202
                 208,           0.0084762,           0.0034019,                   0,             0.99991,                   1,               0.995,             0.93813,           0.0060528,           0.0017759,                   0,            0.003169,            0.003169,            0.003169
                 209,           0.0084289,           0.0034206,                   0,             0.99991,                   1,               0.995,             0.93814,           0.0060477,           0.0017811,                   0,            0.003136,            0.003136,            0.003136
                 210,           0.0083906,           0.0033695,                   0,             0.99991,                   1,               0.995,              0.9379,           0.0060495,           0.0017829,                   0,            0.003103,            0.003103,            0.003103
                 211,           0.0084243,           0.0033879,                   0,             0.99992,                   1,               0.995,             0.93827,           0.0060436,           0.0017833,                   0,             0.00307,             0.00307,             0.00307
                 212,           0.0083984,           0.0034023,                   0,             0.99992,                   1,               0.995,             0.93838,           0.0060399,           0.0017831,                   0,            0.003037,            0.003037,            0.003037
                 213,           0.0083638,           0.0033892,                   0,             0.99992,                   1,               0.995,             0.93842,           0.0060507,           0.0017843,                   0,            0.003004,            0.003004,            0.003004
                 214,           0.0081648,           0.0034071,                   0,             0.99992,                   1,               0.995,              0.9381,           0.0060731,           0.0017845,                   0,            0.002971,            0.002971,            0.002971
                 215,           0.0083268,           0.0033387,                   0,             0.99992,                   1,               0.995,             0.93901,           0.0060759,           0.0017823,                   0,            0.002938,            0.002938,            0.002938
                 216,           0.0082354,             0.00332,                   0,             0.99992,                   1,               0.995,             0.93993,           0.0060702,           0.0017813,                   0,            0.002905,            0.002905,            0.002905
                 217,           0.0082724,           0.0033644,                   0,             0.99992,                   1,               0.995,             0.93789,             0.00606,           0.0017808,                   0,            0.002872,            0.002872,            0.002872
                 218,           0.0082135,           0.0033038,                   0,             0.99992,                   1,               0.995,             0.93829,           0.0060553,           0.0017798,                   0,            0.002839,            0.002839,            0.002839
                 219,            0.008222,           0.0033117,                   0,             0.99992,                   1,               0.995,             0.93894,           0.0060462,           0.0017768,                   0,            0.002806,            0.002806,            0.002806
                 220,           0.0082367,            0.003309,                   0,             0.99992,                   1,               0.995,             0.93849,           0.0060377,           0.0017804,                   0,            0.002773,            0.002773,            0.002773
                 221,           0.0081942,           0.0032913,                   0,             0.99992,                   1,               0.995,             0.93811,           0.0060289,           0.0017796,                   0,             0.00274,             0.00274,             0.00274
                 222,           0.0080767,           0.0032605,                   0,             0.99992,                   1,               0.995,             0.93901,           0.0060304,           0.0017795,                   0,            0.002707,            0.002707,            0.002707
                 223,           0.0080601,           0.0032829,                   0,             0.99991,                   1,               0.995,             0.93786,           0.0060336,           0.0017815,                   0,            0.002674,            0.002674,            0.002674
                 224,           0.0079853,           0.0032834,                   0,             0.99991,                   1,               0.995,             0.93739,           0.0060253,           0.0017815,                   0,            0.002641,            0.002641,            0.002641
                 225,           0.0080711,           0.0032583,                   0,             0.99992,                   1,               0.995,             0.93724,            0.006009,           0.0017833,                   0,            0.002608,            0.002608,            0.002608
                 226,           0.0078918,           0.0032808,                   0,             0.99992,                   1,               0.995,             0.93781,           0.0059911,           0.0017845,                   0,            0.002575,            0.002575,            0.002575
                 227,           0.0080361,           0.0032996,                   0,             0.99992,                   1,               0.995,             0.93802,           0.0059749,           0.0017846,                   0,            0.002542,            0.002542,            0.002542
                 228,            0.007946,           0.0033101,                   0,             0.99992,                   1,               0.995,             0.93922,           0.0059622,           0.0017854,                   0,            0.002509,            0.002509,            0.002509
                 229,           0.0081163,            0.003265,                   0,             0.99992,                   1,               0.995,             0.94004,           0.0059479,           0.0017852,                   0,            0.002476,            0.002476,            0.002476
                 230,           0.0079996,            0.003337,                   0,             0.99992,                   1,               0.995,              0.9392,           0.0059456,           0.0017859,                   0,            0.002443,            0.002443,            0.002443
                 231,           0.0079435,           0.0032758,                   0,             0.99992,                   1,               0.995,             0.93985,            0.005948,           0.0017875,                   0,             0.00241,             0.00241,             0.00241
                 232,           0.0079156,           0.0032595,                   0,             0.99992,                   1,               0.995,             0.94009,           0.0059428,           0.0017893,                   0,            0.002377,            0.002377,            0.002377
                 233,           0.0078625,           0.0032838,                   0,             0.99992,                   1,               0.995,             0.94043,            0.005936,           0.0017915,                   0,            0.002344,            0.002344,            0.002344
                 234,           0.0078976,           0.0032647,                   0,             0.99992,                   1,               0.995,             0.94001,           0.0059357,           0.0017916,                   0,            0.002311,            0.002311,            0.002311
                 235,           0.0078325,           0.0032462,                   0,             0.99992,                   1,               0.995,             0.94073,           0.0059416,           0.0017925,                   0,            0.002278,            0.002278,            0.002278
                 236,           0.0077712,           0.0032636,                   0,             0.99992,                   1,               0.995,             0.93936,           0.0059551,           0.0017956,                   0,            0.002245,            0.002245,            0.002245
                 237,           0.0076857,           0.0033043,                   0,             0.99992,                   1,               0.995,              0.9392,           0.0059632,           0.0017977,                   0,            0.002212,            0.002212,            0.002212
                 238,           0.0077116,           0.0031378,                   0,             0.99992,                   1,               0.995,             0.93833,           0.0059728,           0.0017989,                   0,            0.002179,            0.002179,            0.002179
                 239,           0.0076824,           0.0031733,                   0,             0.99992,                   1,               0.995,             0.93827,           0.0059809,           0.0018021,                   0,            0.002146,            0.002146,            0.002146
                 240,           0.0077068,            0.003194,                   0,             0.99992,                   1,               0.995,             0.93725,           0.0059943,           0.0018055,                   0,            0.002113,            0.002113,            0.002113
                 241,           0.0077615,            0.003258,                   0,             0.99992,                   1,               0.995,             0.93796,           0.0060007,           0.0018059,                   0,             0.00208,             0.00208,             0.00208
                 242,           0.0075561,           0.0032263,                   0,             0.99992,                   1,               0.995,             0.93853,           0.0060102,           0.0018067,                   0,            0.002047,            0.002047,            0.002047
                 243,           0.0076839,           0.0031603,                   0,             0.99992,                   1,               0.995,             0.93861,           0.0060134,           0.0018073,                   0,            0.002014,            0.002014,            0.002014
                 244,           0.0075715,           0.0031795,                   0,             0.99992,                   1,               0.995,             0.93889,           0.0060184,           0.0018068,                   0,            0.001981,            0.001981,            0.001981
                 245,           0.0074757,           0.0031517,                   0,             0.99992,                   1,               0.995,             0.93814,           0.0060228,           0.0018074,                   0,            0.001948,            0.001948,            0.001948
                 246,           0.0076226,           0.0031839,                   0,             0.99992,                   1,               0.995,             0.93778,           0.0060249,           0.0018093,                   0,            0.001915,            0.001915,            0.001915
                 247,           0.0075375,           0.0031692,                   0,             0.99992,                   1,               0.995,             0.93709,           0.0060297,           0.0018101,                   0,            0.001882,            0.001882,            0.001882
                 248,           0.0076513,           0.0031864,                   0,             0.99992,                   1,               0.995,             0.93708,           0.0060312,           0.0018124,                   0,            0.001849,            0.001849,            0.001849
                 249,           0.0075697,           0.0031081,                   0,             0.99992,                   1,               0.995,             0.93648,           0.0060304,            0.001814,                   0,            0.001816,            0.001816,            0.001816
                 250,           0.0074878,           0.0031112,                   0,             0.99992,                   1,               0.995,              0.9375,           0.0060324,           0.0018148,                   0,            0.001783,            0.001783,            0.001783
                 251,           0.0074196,            0.003136,                   0,             0.99992,                   1,               0.995,             0.93772,           0.0060345,           0.0018165,                   0,             0.00175,             0.00175,             0.00175
                 252,            0.007379,           0.0031708,                   0,             0.99992,                   1,               0.995,             0.93768,           0.0060365,           0.0018166,                   0,            0.001717,            0.001717,            0.001717
                 253,            0.007345,           0.0030247,                   0,             0.99992,                   1,               0.995,             0.93733,           0.0060414,           0.0018185,                   0,            0.001684,            0.001684,            0.001684
                 254,           0.0073586,            0.003078,                   0,             0.99992,                   1,               0.995,             0.93743,           0.0060426,           0.0018201,                   0,            0.001651,            0.001651,            0.001651
                 255,           0.0072839,           0.0030848,                   0,             0.99992,                   1,               0.995,             0.93796,           0.0060443,           0.0018206,                   0,            0.001618,            0.001618,            0.001618
                 256,           0.0073737,           0.0031254,                   0,             0.99992,                   1,               0.995,             0.93711,           0.0060473,           0.0018236,                   0,            0.001585,            0.001585,            0.001585
                 257,           0.0073487,           0.0030718,                   0,             0.99992,                   1,               0.995,             0.93736,           0.0060493,           0.0018254,                   0,            0.001552,            0.001552,            0.001552
                 258,           0.0073532,           0.0031096,                   0,             0.99992,                   1,               0.995,             0.93765,            0.006051,           0.0018264,                   0,            0.001519,            0.001519,            0.001519
                 259,           0.0073302,           0.0030631,                   0,             0.99992,                   1,               0.995,             0.93725,           0.0060568,           0.0018274,                   0,            0.001486,            0.001486,            0.001486
                 260,           0.0073178,           0.0030726,                   0,             0.99992,                   1,               0.995,             0.93717,           0.0060579,           0.0018289,                   0,            0.001453,            0.001453,            0.001453
                 261,           0.0072314,           0.0030462,                   0,             0.99992,                   1,               0.995,              0.9377,           0.0060579,           0.0018299,                   0,             0.00142,             0.00142,             0.00142
                 262,           0.0071772,            0.003077,                   0,             0.99992,                   1,               0.995,              0.9377,            0.006059,           0.0018307,                   0,            0.001387,            0.001387,            0.001387
                 263,           0.0071762,           0.0030535,                   0,             0.99992,                   1,               0.995,              0.9377,            0.006063,           0.0018321,                   0,            0.001354,            0.001354,            0.001354
                 264,           0.0070859,           0.0030395,                   0,             0.99992,                   1,               0.995,             0.93741,           0.0060631,           0.0018339,                   0,            0.001321,            0.001321,            0.001321
                 265,           0.0071613,           0.0029847,                   0,             0.99992,                   1,               0.995,             0.93726,           0.0060652,           0.0018349,                   0,            0.001288,            0.001288,            0.001288
                 266,           0.0070918,            0.002978,                   0,             0.99992,                   1,               0.995,             0.93702,           0.0060689,           0.0018362,                   0,            0.001255,            0.001255,            0.001255
                 267,           0.0071108,           0.0030203,                   0,             0.99992,                   1,               0.995,             0.93653,            0.006067,           0.0018371,                   0,            0.001222,            0.001222,            0.001222
                 268,           0.0070283,             0.00298,                   0,             0.99992,                   1,               0.995,             0.93586,           0.0060714,           0.0018383,                   0,            0.001189,            0.001189,            0.001189
                 269,            0.006997,            0.003027,                   0,             0.99992,                   1,               0.995,              0.9357,           0.0060732,           0.0018395,                   0,            0.001156,            0.001156,            0.001156
                 270,           0.0069593,            0.003013,                   0,             0.99992,                   1,               0.995,             0.93551,            0.006076,           0.0018405,                   0,            0.001123,            0.001123,            0.001123
                 271,           0.0069766,           0.0029811,                   0,             0.99992,                   1,               0.995,             0.93518,           0.0060789,           0.0018423,                   0,             0.00109,             0.00109,             0.00109
                 272,            0.006985,            0.002925,                   0,             0.99992,                   1,               0.995,             0.93512,            0.006084,           0.0018436,                   0,            0.001057,            0.001057,            0.001057
                 273,            0.007051,           0.0029934,                   0,             0.99992,                   1,               0.995,             0.93584,           0.0060845,           0.0018443,                   0,            0.001024,            0.001024,            0.001024
                 274,           0.0068967,           0.0029714,                   0,             0.99992,                   1,               0.995,               0.935,           0.0060866,           0.0018452,                   0,            0.000991,            0.000991,            0.000991
                 275,           0.0069743,           0.0029649,                   0,             0.99992,                   1,               0.995,             0.93595,           0.0060912,           0.0018466,                   0,            0.000958,            0.000958,            0.000958
                 276,           0.0068158,            0.002939,                   0,             0.99992,                   1,               0.995,             0.93573,           0.0060913,           0.0018468,                   0,            0.000925,            0.000925,            0.000925
                 277,           0.0068528,           0.0029678,                   0,             0.99992,                   1,               0.995,             0.93557,           0.0060957,           0.0018477,                   0,            0.000892,            0.000892,            0.000892
                 278,           0.0069171,           0.0029309,                   0,             0.99992,                   1,               0.995,             0.93516,           0.0060994,           0.0018485,                   0,            0.000859,            0.000859,            0.000859
                 279,           0.0067838,           0.0028814,                   0,             0.99992,                   1,               0.995,             0.93573,            0.006103,           0.0018495,                   0,            0.000826,            0.000826,            0.000826
                 280,           0.0066572,           0.0029274,                   0,             0.99992,                   1,               0.995,             0.93594,           0.0061061,           0.0018503,                   0,            0.000793,            0.000793,            0.000793
                 281,           0.0067506,           0.0029184,                   0,             0.99992,                   1,               0.995,             0.93603,           0.0061064,           0.0018499,                   0,             0.00076,             0.00076,             0.00076
                 282,           0.0067833,           0.0029428,                   0,             0.99992,                   1,               0.995,             0.93596,           0.0061108,           0.0018506,                   0,            0.000727,            0.000727,            0.000727
                 283,           0.0066785,           0.0028994,                   0,             0.99992,                   1,               0.995,             0.93631,           0.0061157,           0.0018514,                   0,            0.000694,            0.000694,            0.000694
                 284,           0.0066844,            0.002897,                   0,             0.99992,                   1,               0.995,             0.93607,           0.0061199,           0.0018524,                   0,            0.000661,            0.000661,            0.000661
                 285,           0.0066035,           0.0028281,                   0,             0.99992,                   1,               0.995,             0.93576,           0.0061229,           0.0018535,                   0,            0.000628,            0.000628,            0.000628
                 286,           0.0065647,           0.0028205,                   0,             0.99992,                   1,               0.995,             0.93566,           0.0061265,           0.0018538,                   0,            0.000595,            0.000595,            0.000595
